INSERT INTO public.fb_comentario (id,pai_id) VALUES
	 ('057f7b71-12c2-48cf-8aa3-de1ad5874945'::uuid,'654e3889-8915-4282-a905-8b4ff43064a8'::uuid),
	 ('ba3c375e-19f0-41e0-926d-fb30398a2bbd'::uuid,'057f7b71-12c2-48cf-8aa3-de1ad5874945'::uuid),
	 ('d8ba6ee5-58d2-46fc-9915-d26a402765d5'::uuid,'4f523152-bf24-4d0a-9579-94e593171645'::uuid),
	 ('558f68f3-69be-4e29-89d4-3345ab7595a4'::uuid,'d8ba6ee5-58d2-46fc-9915-d26a402765d5'::uuid),
	 ('c1bff89f-cb62-4ab1-a573-42d55621e1bf'::uuid,'558f68f3-69be-4e29-89d4-3345ab7595a4'::uuid),
	 ('06d1aa8e-83ce-4b46-a8d9-1ce276969774'::uuid,'4f523152-bf24-4d0a-9579-94e593171645'::uuid),
	 ('257b8f1c-410b-42f9-b2db-f789798ceb1f'::uuid,'06d1aa8e-83ce-4b46-a8d9-1ce276969774'::uuid),
	 ('21116eed-a4e6-4c72-9f11-3395eb973a1e'::uuid,'d8ba6ee5-58d2-46fc-9915-d26a402765d5'::uuid),
	 ('1f12df15-acc4-42f2-93d7-af6da632d090'::uuid,'06d1aa8e-83ce-4b46-a8d9-1ce276969774'::uuid),
	 ('846b059b-6cb1-4d26-ae56-39d3b5ef6b47'::uuid,'06d1aa8e-83ce-4b46-a8d9-1ce276969774'::uuid);
INSERT INTO public.fb_comentario (id,pai_id) VALUES
	 ('cbc83da4-000b-4278-bf71-a41ea52b8e68'::uuid,'4f523152-bf24-4d0a-9579-94e593171645'::uuid),
	 ('c0b41d1e-f4a1-4f27-99af-0f96b14280c6'::uuid,'4f523152-bf24-4d0a-9579-94e593171645'::uuid),
	 ('3882e57e-efd8-4c48-af67-6fbab2ff3137'::uuid,'d8ba6ee5-58d2-46fc-9915-d26a402765d5'::uuid),
	 ('ecc861bc-ec42-45c6-9609-94adb4bef2ae'::uuid,'d8ba6ee5-58d2-46fc-9915-d26a402765d5'::uuid),
	 ('f1d9d5f1-2495-4d97-862e-1c3ac0564b6b'::uuid,'d8ba6ee5-58d2-46fc-9915-d26a402765d5'::uuid),
	 ('5e66a813-9ea7-4b48-8b45-672a270e16f2'::uuid,'d8ba6ee5-58d2-46fc-9915-d26a402765d5'::uuid),
	 ('3bfe0c9b-9d3d-438b-9c1c-33cd75650d6a'::uuid,'06d1aa8e-83ce-4b46-a8d9-1ce276969774'::uuid),
	 ('643a3b9d-7c45-4d69-96c5-4669b9d79edf'::uuid,'3bfe0c9b-9d3d-438b-9c1c-33cd75650d6a'::uuid),
	 ('3f80dd6b-4c40-4c68-b37f-e09ddb2a0c99'::uuid,'643a3b9d-7c45-4d69-96c5-4669b9d79edf'::uuid),
	 ('ef20a843-b2be-49b8-b665-3ad10e9a6b45'::uuid,'3f80dd6b-4c40-4c68-b37f-e09ddb2a0c99'::uuid);
INSERT INTO public.fb_comentario (id,pai_id) VALUES
	 ('7158b9cc-96a4-4050-a94a-d39a646a5e18'::uuid,'ef20a843-b2be-49b8-b665-3ad10e9a6b45'::uuid),
	 ('71785eac-cc9d-4e41-b25c-f01c07c21314'::uuid,'7158b9cc-96a4-4050-a94a-d39a646a5e18'::uuid),
	 ('455264fe-b5e9-4190-b5b9-2ede71159bfc'::uuid,'4f523152-bf24-4d0a-9579-94e593171645'::uuid),
	 ('d2537281-c3c5-40e3-866d-b705659e6c66'::uuid,'cbc83da4-000b-4278-bf71-a41ea52b8e68'::uuid),
	 ('f0ce027d-0593-4a82-a382-ec81beae4b2b'::uuid,'cbc83da4-000b-4278-bf71-a41ea52b8e68'::uuid),
	 ('77239f6c-3063-4b2a-91d0-0d8b6a202614'::uuid,'c0b41d1e-f4a1-4f27-99af-0f96b14280c6'::uuid),
	 ('43546d3b-7434-437b-ab57-bb3ec4048e2d'::uuid,'6fb0acff-a077-424f-b737-d415a2b03cc5'::uuid),
	 ('3c50a7fc-bfdc-4f54-93e8-e7e1bfc65a9a'::uuid,'6fb0acff-a077-424f-b737-d415a2b03cc5'::uuid),
	 ('87e2b6cf-02b6-459e-8d6d-92ff67e07b78'::uuid,'43546d3b-7434-437b-ab57-bb3ec4048e2d'::uuid),
	 ('7bb8e621-3822-4073-8e00-6db3ae173170'::uuid,'3c50a7fc-bfdc-4f54-93e8-e7e1bfc65a9a'::uuid);
INSERT INTO public.fb_comentario (id,pai_id) VALUES
	 ('fa4b5ba3-bcb1-450e-8d23-01a7eaaee243'::uuid,'6fb0acff-a077-424f-b737-d415a2b03cc5'::uuid),
	 ('bb5c1ca9-31db-4477-bc54-9189bbca74d0'::uuid,'4f523152-bf24-4d0a-9579-94e593171645'::uuid),
	 ('6290d6f8-4dd7-4ccb-a49a-f7905b30467e'::uuid,'6fb0acff-a077-424f-b737-d415a2b03cc5'::uuid),
	 ('79fccd67-b16c-4b7b-86a8-f5011ddaab75'::uuid,'6fb0acff-a077-424f-b737-d415a2b03cc5'::uuid),
	 ('4a15e62f-bb54-45c4-ad87-371968add7f9'::uuid,'3c50a7fc-bfdc-4f54-93e8-e7e1bfc65a9a'::uuid);INSERT INTO public.fb_curtida (id,autor,pai) VALUES
	 (4,1,'654e3889-8915-4282-a905-8b4ff43064a8'::uuid),
	 (5,1,'ba3c375e-19f0-41e0-926d-fb30398a2bbd'::uuid),
	 (16,1,'83256f9b-5d4e-47c9-9ab1-bc57bbe7da10'::uuid),
	 (34,1,'62b6bef4-53fb-4f76-be18-b78a2b7e0bd4'::uuid),
	 (35,1,'a068dc8f-5626-4cf4-9714-6e17af92fdeb'::uuid),
	 (41,1,'558f68f3-69be-4e29-89d4-3345ab7595a4'::uuid),
	 (43,1,'4f523152-bf24-4d0a-9579-94e593171645'::uuid),
	 (44,1,'d8ba6ee5-58d2-46fc-9915-d26a402765d5'::uuid),
	 (46,1,'257b8f1c-410b-42f9-b2db-f789798ceb1f'::uuid),
	 (48,2,'83256f9b-5d4e-47c9-9ab1-bc57bbe7da10'::uuid);
INSERT INTO public.fb_curtida (id,autor,pai) VALUES
	 (49,2,'4f523152-bf24-4d0a-9579-94e593171645'::uuid),
	 (50,2,'06d1aa8e-83ce-4b46-a8d9-1ce276969774'::uuid),
	 (51,2,'558f68f3-69be-4e29-89d4-3345ab7595a4'::uuid),
	 (52,2,'21116eed-a4e6-4c72-9f11-3395eb973a1e'::uuid),
	 (53,1,'d59a4727-d32d-48d8-94a0-259234d14543'::uuid),
	 (54,1,'d2537281-c3c5-40e3-866d-b705659e6c66'::uuid),
	 (55,1,'71785eac-cc9d-4e41-b25c-f01c07c21314'::uuid),
	 (56,5,'3c50a7fc-bfdc-4f54-93e8-e7e1bfc65a9a'::uuid),
	 (57,1,'f0ce027d-0593-4a82-a382-ec81beae4b2b'::uuid);INSERT INTO public.fb_entrada_base (id,"data",descricao,autor,imagem) VALUES
	 ('654e3889-8915-4282-a905-8b4ff43064a8'::uuid,'2021-10-16 12:39:14.992','venda de bebidas quentes',1,NULL),
	 ('057f7b71-12c2-48cf-8aa3-de1ad5874945'::uuid,'2021-10-16 16:56:04.43','post bala',1,NULL),
	 ('ba3c375e-19f0-41e0-926d-fb30398a2bbd'::uuid,'2021-10-16 16:56:22.358','post bala',1,NULL),
	 ('a068dc8f-5626-4cf4-9714-6e17af92fdeb'::uuid,'2021-10-17 12:02:09.488','venda de coisas',1,NULL),
	 ('1805777e-9cae-4ac8-9dcd-2dd0517eaa6b'::uuid,'2021-10-17 17:36:39.058','uma descricao',1,''),
	 ('266a4dda-a504-440a-b43f-60e875684d0b'::uuid,'2021-10-17 17:45:45.272','uma descricaoa





',1,''),
	 ('62b6bef4-53fb-4f76-be18-b78a2b7e0bd4'::uuid,'2021-10-17 17:45:45.382','uma descricaoa





',1,''),
	 ('31bbe6fa-d580-4412-b441-61cead911120'::uuid,'2021-10-17 17:45:45.561','uma descricaoa





',1,''),
	 ('83256f9b-5d4e-47c9-9ab1-bc57bbe7da10'::uuid,'2021-10-17 19:51:04.927','foto foda',1,'https://wl-incrivel.cf.tsp.li/resize/728x/jpg/f6e/ef6/b5b68253409b796f61f6ecd1f1.jpg'),
	 ('d59a4727-d32d-48d8-94a0-259234d14543'::uuid,'2021-10-17 20:15:09.805','descrrrrr skdjfbn oijskahbdf asdfasdfdsfffasd',1,'https://jornalboavista.com.br/site/wp-content/uploads/2021/07/ambev.jpg');
INSERT INTO public.fb_entrada_base (id,"data",descricao,autor,imagem) VALUES
	 ('4f523152-bf24-4d0a-9579-94e593171645'::uuid,'2021-10-17 20:20:34.879','pano bopm',1,'https://www.tumkus.com.br/807005-thickbox_default/pano-de-limpeza-40x65-algodao-alvejado-extra-3-branco-amt-textil.jpg'),
	 ('d8ba6ee5-58d2-46fc-9915-d26a402765d5'::uuid,'2021-10-17 22:57:40.079','ta sujo',1,'https://thumbs.dreamstime.com/b/pano-sujo-64426424.jpg'),
	 ('558f68f3-69be-4e29-89d4-3345ab7595a4'::uuid,'2021-10-17 23:25:47.267','eru tambem acho porque se tu verificar eu estou escrevendo muito pra ver como fica no post nota 2 eu amo pano',1,'https://upload.wikimedia.org/wikipedia/commons/thumb/f/f1/Heart_coraz%C3%B3n.svg/220px-Heart_coraz%C3%B3n.svg.png'),
	 ('c1bff89f-cb62-4ab1-a573-42d55621e1bf'::uuid,'2021-10-17 23:27:54.69','sim, posso comentar dnv',1,'https://cdn.discordapp.com/attachments/896134266222678027/899480916886421585/image0.jpg'),
	 ('06d1aa8e-83ce-4b46-a8d9-1ce276969774'::uuid,'2021-10-18 00:55:28.677','comentario massa',1,''),
	 ('257b8f1c-410b-42f9-b2db-f789798ceb1f'::uuid,'2021-10-18 00:58:20.28','oi',1,''),
	 ('21116eed-a4e6-4c72-9f11-3395eb973a1e'::uuid,'2021-10-18 00:59:20.586','oi2',1,''),
	 ('1f12df15-acc4-42f2-93d7-af6da632d090'::uuid,'2021-10-18 01:00:29.102','flamengo',1,''),
	 ('846b059b-6cb1-4d26-ae56-39d3b5ef6b47'::uuid,'2021-10-18 01:16:49.293','oi',1,''),
	 ('cbc83da4-000b-4278-bf71-a41ea52b8e68'::uuid,'2021-10-18 18:47:43.059','teste',2,NULL);
INSERT INTO public.fb_entrada_base (id,"data",descricao,autor,imagem) VALUES
	 ('c0b41d1e-f4a1-4f27-99af-0f96b14280c6'::uuid,'2021-10-18 18:48:10.05','oi',2,''),
	 ('3882e57e-efd8-4c48-af67-6fbab2ff3137'::uuid,'2021-10-18 19:31:45.716','oi',2,''),
	 ('ecc861bc-ec42-45c6-9609-94adb4bef2ae'::uuid,'2021-10-18 19:33:53.195','oi',2,''),
	 ('f1d9d5f1-2495-4d97-862e-1c3ac0564b6b'::uuid,'2021-10-18 19:35:33.511','oi',2,''),
	 ('5e66a813-9ea7-4b48-8b45-672a270e16f2'::uuid,'2021-10-18 19:37:38.226','jjjjjj',2,''),
	 ('3bfe0c9b-9d3d-438b-9c1c-33cd75650d6a'::uuid,'2021-10-18 19:39:04.659','vasco',2,''),
	 ('643a3b9d-7c45-4d69-96c5-4669b9d79edf'::uuid,'2021-10-18 19:41:44.955','flamengo
',2,''),
	 ('3f80dd6b-4c40-4c68-b37f-e09ddb2a0c99'::uuid,'2021-10-18 19:42:00.104','jogao
',2,''),
	 ('ef20a843-b2be-49b8-b665-3ad10e9a6b45'::uuid,'2021-10-18 19:43:27.612','jogo bom',2,''),
	 ('7158b9cc-96a4-4050-a94a-d39a646a5e18'::uuid,'2021-10-18 19:44:43.474','mano?',2,'');
INSERT INTO public.fb_entrada_base (id,"data",descricao,autor,imagem) VALUES
	 ('71785eac-cc9d-4e41-b25c-f01c07c21314'::uuid,'2021-10-18 19:45:03.581','jjjjjjjjjjjjj',2,''),
	 ('455264fe-b5e9-4190-b5b9-2ede71159bfc'::uuid,'2021-10-18 19:46:59.698','kk',2,''),
	 ('d2537281-c3c5-40e3-866d-b705659e6c66'::uuid,'2021-10-18 19:47:15.896','teste',2,''),
	 ('f0ce027d-0593-4a82-a382-ec81beae4b2b'::uuid,'2021-10-18 19:47:57.809','oi',2,''),
	 ('77239f6c-3063-4b2a-91d0-0d8b6a202614'::uuid,'2021-10-18 19:48:16.746','oi',2,''),
	 ('6fb0acff-a077-424f-b737-d415a2b03cc5'::uuid,'2021-10-18 20:55:19.025','to testando aqui',1,''),
	 ('43546d3b-7434-437b-ab57-bb3ec4048e2d'::uuid,'2021-10-19 01:41:35.591','novo',1,''),
	 ('3c50a7fc-bfdc-4f54-93e8-e7e1bfc65a9a'::uuid,'2021-10-19 01:42:26.783','2',1,''),
	 ('87e2b6cf-02b6-459e-8d6d-92ff67e07b78'::uuid,'2021-10-19 01:43:05.715','oi',1,''),
	 ('7bb8e621-3822-4073-8e00-6db3ae173170'::uuid,'2021-10-19 01:44:51.629','i',1,'');
INSERT INTO public.fb_entrada_base (id,"data",descricao,autor,imagem) VALUES
	 ('fa4b5ba3-bcb1-450e-8d23-01a7eaaee243'::uuid,'2021-10-19 01:47:13.495','oi',1,''),
	 ('bb5c1ca9-31db-4477-bc54-9189bbca74d0'::uuid,'2021-10-19 01:49:00.598','novo',1,''),
	 ('6290d6f8-4dd7-4ccb-a49a-f7905b30467e'::uuid,'2021-10-19 01:49:14.334','3',1,''),
	 ('79fccd67-b16c-4b7b-86a8-f5011ddaab75'::uuid,'2021-10-19 01:50:15.421','5',1,''),
	 ('4a15e62f-bb54-45c4-ad87-371968add7f9'::uuid,'2021-10-19 01:50:24.311','f',1,''),
	 ('633a6511-f72f-470d-9176-7460dea54380'::uuid,'2021-10-19 01:58:10.643','i',1,''),
	 ('36106753-091a-4fa7-9df9-003661aa0ad5'::uuid,'2021-10-19 02:00:00.058','hh',1,'');INSERT INTO public.fb_post (is_privado,titulo,valor,id) VALUES
	 (true,' venda',10.49,'654e3889-8915-4282-a905-8b4ff43064a8'::uuid),
	 (true,' venda dois',100.49,'a068dc8f-5626-4cf4-9714-6e17af92fdeb'::uuid),
	 (true,'titulofoda',351.0,'1805777e-9cae-4ac8-9dcd-2dd0517eaa6b'::uuid),
	 (true,'titulofoda',351.0,'266a4dda-a504-440a-b43f-60e875684d0b'::uuid),
	 (true,'titulofoda',351.0,'31bbe6fa-d580-4412-b441-61cead911120'::uuid),
	 (true,'post novo',NULL,'d59a4727-d32d-48d8-94a0-259234d14543'::uuid),
	 (false,'iu',NULL,'633a6511-f72f-470d-9176-7460dea54380'::uuid),
	 (true,'ourp',NULL,'36106753-091a-4fa7-9df9-003661aa0ad5'::uuid),
	 (false,'novo post',25.0,'6fb0acff-a077-424f-b737-d415a2b03cc5'::uuid),
	 (false,'pano',10.5,'4f523152-bf24-4d0a-9579-94e593171645'::uuid);
INSERT INTO public.fb_post (is_privado,titulo,valor,id) VALUES
	 (false,'foto de perfil',9999999.0,'83256f9b-5d4e-47c9-9ab1-bc57bbe7da10'::uuid),
	 (false,'titulofoda',351.0,'62b6bef4-53fb-4f76-be18-b78a2b7e0bd4'::uuid);INSERT INTO public.fb_solicitacao (is_aceita,destinatario,remetente,id) VALUES
	 (true,2,1,'0e84916e-aaa5-4a89-80bf-f10436a9ead9'::uuid),
	 (false,3,1,'ad0bc97e-51d9-45bd-8a54-2c0d6f7cec37'::uuid),
	 (true,1,4,'1158c13d-6bf4-4d30-8334-095308b9c37a'::uuid),
	 (true,5,1,'ac9bfd50-ef0c-4edd-9b5d-0d63b3210d86'::uuid),
	 (false,2,5,'53f54293-35c9-42bf-9e7c-8ac6f45428fc'::uuid),
	 (false,4,5,'9ea29ee3-0329-48c9-b2e7-389c0cfb7f57'::uuid),
	 (false,1,6,'f73f3035-c59d-4458-a7eb-30d16617c0d4'::uuid);
INSERT INTO public.fb_usuario (id,apelido,data_nascimento,email,imagem,nome,sobrenome) VALUES
	 (1,'rafao','2001-11-29','rafaelkeil566@gmail.com','https://wl-incrivel.cf.tsp.li/resize/728x/jpg/f6e/ef6/b5b68253409b796f61f6ecd1f1.jpg','rafael','keil'),
	 (2,'jonas','2001-11-29','rafaelkeil777@gmail.com','imagemfoda.png','jonas','turbo'),
	 (3,'jonas','2001-11-29','lucashenrique@gmail.com','','lucas','lhenrique'),
	 (4,'heihei','2001-11-29','rafaelkwi@gmail.com','','feio','mano'),
	 (5,'leandro','2001-11-29','rafael@gmail.com','https://pbs.twimg.com/profile_images/1062159674995326976/A-qZiD_c_400x400.jpg','leandro','leandro'),
	 (6,'peludo','2001-11-29','rafaelduro@gmail.com','','homem','duro'),
	 (7,'perfume','2001-11-29','emailmemo@gmail.com','https://img.freepik.com/fotos-gratis/imagem-aproximada-em-tons-de-cinza-de-uma-aguia-careca-americana-em-um-fundo-escuro_181624-31795.jpg?size=626&ext=jpg','hugo','boss');